epoch,steps,accuracy_cosine
1.0,158,0.10126582533121109
2.0,316,0.07594936341047287
3.0,474,0.037974681705236435
4.0,632,0.037974681705236435
5.0,790,0.037974681705236435
